{
  "required": false,
  "package": "com.charlesaebi.fpsanimpatch.mixin",
  "compatibilityLevel": "JAVA_17",
  "refmap": "mixins.fps_anim_patch.refmap.json",
  "mixins": [
    "tacz.TaczAnimateGeoItemRendererMixin",
    "tacz.TaczLocalPlayerDrawMixin",
    "tacz.TaczLocalPlayerReloadMixin",
    "superb.SuperbClientEventHandlerMixin",
    "superb.SuperbGunGeoItemMixin",
    "superb.SuperbVehicleRendererMixin",
    "superb.SuperbVehicleModelMixin",
    "superb.SuperbVehicleHudOverlayMixin"
  ],
  "injectors": {
    "defaultRequire": 0
  }
}
